iteration,MSE_trg,MSE_val,MSE_tst,acc_trg,acc_val,acc_tst,f1_trg,f1_val,f1_tst,elapsed
0,0.146817776077,0.141703595708,0.172296663003,0.692341166232,0.704347826087,0.643949930459,0.0782268578879,0.0659340659341,0.0985915492958,2.592353703
